n_qubits,field_strength,gate_error,physical_candidate_count,physical_validity_tol,energy_winner_label,energy_winner_ansatz,energy_winner_depth,energy_winner_optimizer,energy_winner_energy,energy_winner_physical_valid,energy_winner_symmetry_breaking_error,energy_winner_x_parity,energy_winner_target_x_parity_sector,energy_winner_physical_validity_reason,physics_winner_label,physics_winner_ansatz,physics_winner_depth,physics_winner_optimizer,physics_winner_energy,physics_winner_physical_valid,physics_winner_filtered_exact_gap,physics_winner_symmetry_breaking_error,physics_winner_filtered_observable_error_l2,physics_winner_target_x_parity_sector,physics_winner_physical_validity_reason,budget_winner_label,budget_winner_ansatz,budget_winner_depth,budget_winner_optimizer,budget_winner_estimated_total_shots_used,budget_winner_transpiled_two_qubit_gate_count,budget_winner_transpiled_depth,budget_winner_physical_valid,false_winner_flag,winner_selection_rule,crossover_symmetry_penalty,crossover_observable_penalty,regime_label,noise_regime,energy_vs_physics_cost_sigma,physics_vs_budget_cost_sigma,energy_vs_physics_energy_delta,physics_vs_budget_shot_delta,physics_vs_budget_two_qubit_delta
4,0.5,0.0,2,0.05,n4_h0.50_e0.000_symmetry_preserving_d1_COBYLA_s17,symmetry_preserving,1,COBYLA,-2.6317880476365727,True,3.3306690738754696e-16,0.9999999999999993,1,passes_target_x_parity_tolerance,n4_h0.50_e0.000_symmetry_preserving_d1_COBYLA_s17,symmetry_preserving,1,COBYLA,-2.6317880476365727,True,0.7952460412715094,3.3306690738754696e-16,0.15701990744885372,1,passes_target_x_parity_tolerance,n4_h0.50_e0.000_symmetry_preserving_d1_COBYLA_s17,symmetry_preserving,1,COBYLA,,3,5,True,False,"prefer physically valid states, then lowest filtered gap plus symmetry and observable penalties",2.0,0.25,weak_field,ideal,,,0.0,0.0,0.0
4,0.5,0.005,0,0.05,n4_h0.50_e0.005_symmetry_preserving_d1_COBYLA_s17,symmetry_preserving,1,COBYLA,-2.4309960594822684,False,0.0963178218262844,0.8073643563474312,1,target_x_parity_sector_mismatch>0.050,n4_h0.50_e0.005_symmetry_preserving_d1_COBYLA_s17,symmetry_preserving,1,COBYLA,-2.4309960594822684,False,0.8590474549204377,0.0963178218262844,0.16266173133369144,1,target_x_parity_sector_mismatch>0.050,n4_h0.50_e0.005_symmetry_preserving_d1_COBYLA_s17,symmetry_preserving,1,COBYLA,61440,3,5,False,False,"prefer physically valid states, then lowest filtered gap plus symmetry and observable penalties",2.0,0.25,weak_field,low_noise,0.0,0.0,0.0,0.0,0.0
4,0.5,0.01,0,0.05,n4_h0.50_e0.010_symmetry_preserving_d1_COBYLA_s17,symmetry_preserving,1,COBYLA,-2.207343147951971,False,0.17031954583576941,0.6593609083284612,1,target_x_parity_sector_mismatch>0.050,n4_h0.50_e0.010_symmetry_preserving_d1_COBYLA_s17,symmetry_preserving,1,COBYLA,-2.207343147951971,False,0.994118284945471,0.17031954583576941,0.17718003163816828,1,target_x_parity_sector_mismatch>0.050,n4_h0.50_e0.010_symmetry_preserving_d1_COBYLA_s17,symmetry_preserving,1,COBYLA,61440,3,5,False,False,"prefer physically valid states, then lowest filtered gap plus symmetry and observable penalties",2.0,0.25,weak_field,moderate_noise,0.0,0.0,0.0,0.0,0.0
4,1.0,0.0,2,0.05,n4_h1.00_e0.000_symmetry_preserving_d1_COBYLA_s17,symmetry_preserving,1,COBYLA,-4.196998734431482,True,2.7755575615628914e-16,0.9999999999999994,1,passes_target_x_parity_tolerance,n4_h1.00_e0.000_symmetry_preserving_d1_COBYLA_s17,symmetry_preserving,1,COBYLA,-4.196998734431482,True,0.5617717487121521,2.7755575615628914e-16,0.09524512920448053,1,passes_target_x_parity_tolerance,n4_h1.00_e0.000_symmetry_preserving_d1_COBYLA_s17,symmetry_preserving,1,COBYLA,,3,5,True,False,"prefer physically valid states, then lowest filtered gap plus symmetry and observable penalties",2.0,0.25,near_critical,ideal,,,0.0,0.0,0.0
4,1.0,0.005,0,0.05,n4_h1.00_e0.005_symmetry_preserving_d1_COBYLA_s17,symmetry_preserving,1,COBYLA,-3.672774314631813,False,0.09631782182628457,0.8073643563474309,1,target_x_parity_sector_mismatch>0.050,n4_h1.00_e0.005_symmetry_preserving_d1_COBYLA_s17,symmetry_preserving,1,COBYLA,-3.672774314631813,False,0.8942735861412032,0.09631782182628457,0.11923355948165684,1,target_x_parity_sector_mismatch>0.050,n4_h1.00_e0.005_symmetry_preserving_d1_COBYLA_s17,symmetry_preserving,1,COBYLA,61440,3,5,False,False,"prefer physically valid states, then lowest filtered gap plus symmetry and observable penalties",2.0,0.25,near_critical,low_noise,0.0,0.0,0.0,0.0,0.0
4,1.0,0.01,0,0.05,n4_h1.00_e0.010_symmetry_preserving_d1_COBYLA_s17,symmetry_preserving,1,COBYLA,-3.341175491395582,False,0.17031954583576947,0.6593609083284611,1,target_x_parity_sector_mismatch>0.050,n4_h1.00_e0.010_symmetry_preserving_d1_COBYLA_s17,symmetry_preserving,1,COBYLA,-3.341175491395582,False,1.1015565827355878,0.17031954583576947,0.14492690347789988,1,target_x_parity_sector_mismatch>0.050,n4_h1.00_e0.010_symmetry_preserving_d1_COBYLA_s17,symmetry_preserving,1,COBYLA,61440,3,5,False,False,"prefer physically valid states, then lowest filtered gap plus symmetry and observable penalties",2.0,0.25,near_critical,moderate_noise,0.0,0.0,0.0,0.0,0.0
4,1.5,0.0,2,0.05,n4_h1.50_e0.000_symmetry_preserving_d1_COBYLA_s17,symmetry_preserving,1,COBYLA,-5.7551685818304925,True,4.440892098500626e-16,0.9999999999999991,1,passes_target_x_parity_tolerance,n4_h1.50_e0.000_symmetry_preserving_d1_COBYLA_s17,symmetry_preserving,1,COBYLA,-5.7551685818304925,True,0.748722975295923,4.440892098500626e-16,0.1363409269560048,1,passes_target_x_parity_tolerance,n4_h1.50_e0.000_symmetry_preserving_d1_COBYLA_s17,symmetry_preserving,1,COBYLA,,3,5,True,False,"prefer physically valid states, then lowest filtered gap plus symmetry and observable penalties",2.0,0.25,strong_field,ideal,,,0.0,0.0,0.0
4,1.5,0.005,0,0.05,n4_h1.50_e0.005_symmetry_preserving_d1_COBYLA_s17,symmetry_preserving,1,COBYLA,-5.240987809442367,False,0.09631782182628457,0.8073643563474309,1,target_x_parity_sector_mismatch>0.050,n4_h1.50_e0.005_symmetry_preserving_d1_COBYLA_s17,symmetry_preserving,1,COBYLA,-5.240987809442367,False,0.9947464713869181,0.09631782182628457,0.15625172574921803,1,target_x_parity_sector_mismatch>0.050,n4_h1.50_e0.005_symmetry_preserving_d1_COBYLA_s17,symmetry_preserving,1,COBYLA,61440,3,5,False,False,"prefer physically valid states, then lowest filtered gap plus symmetry and observable penalties",2.0,0.25,strong_field,low_noise,0.0,0.0,0.0,0.0,0.0
4,1.5,0.01,0,0.05,n4_h1.50_e0.010_symmetry_preserving_d1_COBYLA_s17,symmetry_preserving,1,COBYLA,-4.774823896089891,False,0.17031954583576925,0.6593609083284615,1,target_x_parity_sector_mismatch>0.050,n4_h1.50_e0.010_symmetry_preserving_d1_COBYLA_s17,symmetry_preserving,1,COBYLA,-4.774823896089891,False,1.2865031078366629,0.17031954583576925,0.17911652775675937,1,target_x_parity_sector_mismatch>0.050,n4_h1.50_e0.010_symmetry_preserving_d1_COBYLA_s17,symmetry_preserving,1,COBYLA,61440,3,5,False,False,"prefer physically valid states, then lowest filtered gap plus symmetry and observable penalties",2.0,0.25,strong_field,moderate_noise,0.0,0.0,0.0,0.0,0.0
6,0.5,0.0,2,0.05,n6_h0.50_e0.000_hardware_efficient_d1_COBYLA_s17,hardware_efficient,1,COBYLA,-3.41532086233535,False,0.3828718340454075,0.2342563319091851,1,target_x_parity_sector_mismatch>0.050,n6_h0.50_e0.000_symmetry_preserving_d1_COBYLA_s17,symmetry_preserving,1,COBYLA,-2.378935237961921,True,3.1430943328382934,6.106226635438361e-16,0.39648788044133715,1,passes_target_x_parity_tolerance,n6_h0.50_e0.000_symmetry_preserving_d1_COBYLA_s17,symmetry_preserving,1,COBYLA,,5,7,True,True,"prefer physically valid states, then lowest filtered gap plus symmetry and observable penalties",2.0,0.25,weak_field,ideal,,,-1.036385624373429,0.0,0.0
6,0.5,0.005,0,0.05,n6_h0.50_e0.005_hardware_efficient_d1_COBYLA_s17,hardware_efficient,1,COBYLA,-2.97706601783241,False,0.4251876274776208,0.14962474504475845,1,target_x_parity_sector_mismatch>0.050,n6_h0.50_e0.005_hardware_efficient_d1_COBYLA_s17,hardware_efficient,1,COBYLA,-2.97706601783241,False,2.0096061790917092,0.4251876274776208,0.21416566724158778,1,target_x_parity_sector_mismatch>0.050,n6_h0.50_e0.005_symmetry_preserving_d1_COBYLA_s17,symmetry_preserving,1,COBYLA,61440,5,7,False,False,"prefer physically valid states, then lowest filtered gap plus symmetry and observable penalties",2.0,0.25,weak_field,low_noise,0.0,11.23030724710533,0.0,45056.0,0.0
6,0.5,0.01,0,0.05,n6_h0.50_e0.010_hardware_efficient_d1_COBYLA_s17,hardware_efficient,1,COBYLA,-2.934973297570639,False,0.39126534120129575,0.21746931759740853,1,target_x_parity_sector_mismatch>0.050,n6_h0.50_e0.010_hardware_efficient_d1_COBYLA_s17,hardware_efficient,1,COBYLA,-2.934973297570639,False,2.242852417693824,0.39126534120129575,0.1995142752608339,1,target_x_parity_sector_mismatch>0.050,n6_h0.50_e0.010_symmetry_preserving_d1_COBYLA_s17,symmetry_preserving,1,COBYLA,61440,5,7,False,False,"prefer physically valid states, then lowest filtered gap plus symmetry and observable penalties",2.0,0.25,weak_field,moderate_noise,0.0,11.573284804610688,0.0,45056.0,0.0
6,1.0,0.0,2,0.05,n6_h1.00_e0.000_hardware_efficient_d1_COBYLA_s17,hardware_efficient,1,COBYLA,-4.540854824625161,False,0.4945733251151767,0.010853349769646591,1,target_x_parity_sector_mismatch>0.050,n6_h1.00_e0.000_symmetry_preserving_d1_COBYLA_s17,symmetry_preserving,1,COBYLA,-2.9942037391528715,True,4.3020260714058765,2.7755575615628914e-16,0.6746225989085024,1,passes_target_x_parity_tolerance,n6_h1.00_e0.000_symmetry_preserving_d1_COBYLA_s17,symmetry_preserving,1,COBYLA,,5,7,True,True,"prefer physically valid states, then lowest filtered gap plus symmetry and observable penalties",2.0,0.25,near_critical,ideal,,,-1.54665108547229,0.0,0.0
6,1.0,0.005,0,0.05,n6_h1.00_e0.005_hardware_efficient_d1_COBYLA_s17,hardware_efficient,1,COBYLA,-4.033860041956584,False,0.42475160089099107,0.15049679821801787,1,target_x_parity_sector_mismatch>0.050,n6_h1.00_e0.005_hardware_efficient_d1_COBYLA_s17,hardware_efficient,1,COBYLA,-4.033860041956584,False,2.615264320572723,0.42475160089099107,0.25130581936728774,1,target_x_parity_sector_mismatch>0.050,n6_h1.00_e0.005_symmetry_preserving_d1_COBYLA_s17,symmetry_preserving,1,COBYLA,61440,5,7,False,False,"prefer physically valid states, then lowest filtered gap plus symmetry and observable penalties",2.0,0.25,near_critical,low_noise,0.0,9.177407636477877,0.0,45056.0,0.0
6,1.0,0.01,0,0.05,n6_h1.00_e0.010_hardware_efficient_d1_COBYLA_s17,hardware_efficient,1,COBYLA,-3.529713377334613,False,0.5934548709872226,-0.18690974197444518,1,target_x_parity_sector_mismatch>0.050,n6_h1.00_e0.010_symmetry_preserving_d1_COBYLA_s17,symmetry_preserving,1,COBYLA,-2.497935610872255,False,4.612722178684239,0.24639627309252632,0.654605972622504,1,target_x_parity_sector_mismatch>0.050,n6_h1.00_e0.010_symmetry_preserving_d1_COBYLA_s17,symmetry_preserving,1,COBYLA,61440,5,7,False,True,"prefer physically valid states, then lowest filtered gap plus symmetry and observable penalties",2.0,0.25,near_critical,moderate_noise,8.517900290723734,0.0,-1.031777766462358,0.0,0.0
6,1.5,0.0,2,0.05,n6_h1.50_e0.000_hardware_efficient_d1_COBYLA_s17,hardware_efficient,1,COBYLA,-6.885682944029265,False,0.4333942519069861,0.1332114961860278,1,target_x_parity_sector_mismatch>0.050,n6_h1.50_e0.000_symmetry_preserving_d1_COBYLA_s17,symmetry_preserving,1,COBYLA,-3.727713307581169,True,6.119858163573413,2.220446049250313e-16,0.7782297641783679,1,passes_target_x_parity_tolerance,n6_h1.50_e0.000_symmetry_preserving_d1_COBYLA_s17,symmetry_preserving,1,COBYLA,,5,7,True,True,"prefer physically valid states, then lowest filtered gap plus symmetry and observable penalties",2.0,0.25,strong_field,ideal,,,-3.1579696364480956,0.0,0.0
6,1.5,0.005,0,0.05,n6_h1.50_e0.005_hardware_efficient_d1_COBYLA_s17,hardware_efficient,1,COBYLA,-5.440040015110722,False,0.46765484150124714,0.06469031699750574,1,target_x_parity_sector_mismatch>0.050,n6_h1.50_e0.005_hardware_efficient_d1_COBYLA_s17,hardware_efficient,1,COBYLA,-5.440040015110722,False,4.262097360431213,0.46765484150124714,0.5196511714870811,1,target_x_parity_sector_mismatch>0.050,n6_h1.50_e0.005_symmetry_preserving_d1_COBYLA_s17,symmetry_preserving,1,COBYLA,61440,5,7,False,False,"prefer physically valid states, then lowest filtered gap plus symmetry and observable penalties",2.0,0.25,strong_field,low_noise,0.0,16.106246312440668,0.0,45056.0,0.0
6,1.5,0.01,0,0.05,n6_h1.50_e0.010_hardware_efficient_d1_COBYLA_s17,hardware_efficient,1,COBYLA,-4.3746366210597065,False,0.4839691649361183,0.03206167012776341,1,target_x_parity_sector_mismatch>0.050,n6_h1.50_e0.010_hardware_efficient_d1_COBYLA_s17,hardware_efficient,1,COBYLA,-4.3746366210597065,False,5.3567478236392505,0.4839691649361183,0.4908689520038621,1,target_x_parity_sector_mismatch>0.050,n6_h1.50_e0.010_symmetry_preserving_d1_COBYLA_s17,symmetry_preserving,1,COBYLA,61440,5,7,False,False,"prefer physically valid states, then lowest filtered gap plus symmetry and observable penalties",2.0,0.25,strong_field,moderate_noise,0.0,10.875563367694443,0.0,45056.0,0.0
